Fly_Number,DurNBodyShove,DurNFeed,DurNHeadbutt,DurNLegShove,DurNLunge,DurNWingThreat,DurNRetreat,DurNMoving,DurNFencing,DurTTFeed,DurTTMoving,DurTTFencing,DurXFeed,DurXMoving,DurXFencing,Species,file_name,Letter,Sex,Temp,temp_room,Mass,mass_dif,fencing_presence,total_ag_acts
B32_26,1,3,0,0,0,0,0,18,3,36.013,121.849,351.101,12.00433,6.7693900000000005,117.03367,PAL,B32,B,F,M,25.5,0.59,0.354,1,4
B32_29,0,1,0,0,0,0,0,14,1,35.534,113.672,314.684,35.534,8.11943,314.684,PAL,B32,B,F,M,25.5,0.481,0.256,1,1
B32_30,0,5,0,5,0,0,1,21,7,135.406,227.384,757.029,27.0812,10.82781,108.147,PAL,B32,B,F,M,25.5,0.513,0.28700000000000003,1,12
A14_19,0,1,1,0,0,0,0,23,2,11.505,255.874,558.421,11.505,11.12496,279.2105,PAL,A14,A,M,M,24.6,0.316,0.17,1,3
D13_15,0,0,0,0,0,0,1,15,2,0,265.036,4.005,0,17.66907,2.0025,PAL,D13,D,M,M,25.1,0.297,0.13599999999999998,1,2
C11_6,0,2,0,8,0,0,0,4,4,230.667,46.405,227.678,115.3335,11.60125,56.9195,PAL,C11,C,F,L,20.9,0.454,0.234,1,12
A32_45,0,0,0,0,0,0,0,11,0,0,110.204,0,0,10.01855,0,PAL,A32,A,M,H,30.3,0.312,0.145,0,0
C21_29,0,0,0,0,0,0,0,12,0,0,92.005,0,0,7.66708,0,PAL,C21,C,F,H,30,0.511,0.21800000000000003,0,0
C32_56,0,0,0,0,0,0,0,10,1,0,99.976,327.814,0,9.9976,327.814,PAL,C32,C,M,M,25,0.342,0.18900000000000003,1,1
D13_17,0,0,0,4,0,0,0,22,5,0,403.895,607.834,0,18.35886,121.5668,PAL,D13,D,M,M,25.1,0.306,0.157,1,9
A11_2,0,0,0,1,0,0,0,23,0,0,218.841,0,0,9.51483,0,PAL,A11,A,F,M,24.6,0.551,0.3380000000000001,0,1
A11_3,0,0,0,1,0,0,0,21,1,0,286.348,790.023,0,13.635620000000001,790.023,PAL,A11,A,F,M,24.6,0.323,0.323,1,2
A11_6,0,0,0,2,0,0,3,19,3,0,187.9,705.186,0,9.88947,235.062,PAL,A11,A,F,M,24.6,0.337,0.07600000000000001,1,5
A12_11,0,0,0,4,0,0,0,15,1,0,311.926,722.959,0,20.79507,722.959,PAL,A12,A,M,M,24.6,0.3,0.16299999999999998,1,5
A12_12,0,0,0,4,1,0,1,17,2,0,332.997,793.025,0,19.588060000000002,396.5125,PAL,A12,A,M,M,24.6,0.346,0.17699999999999996,1,7
A13_13,0,0,0,2,0,0,0,13,2,0,137.15,386.615,0,10.55,193.3075,PAL,A13,A,F,M,24.6,0.49,0.21399999999999997,1,4
A14_21,0,0,1,2,0,0,0,27,1,0,370.8,220.94,0,13.73333,220.94,PAL,A14,A,M,M,24.6,0.304,0.132,1,4
A14_22,0,0,0,0,0,0,0,17,1,0,172.553,520.245,0,10.15018,520.245,PAL,A14,A,M,M,24.6,0.275,0.09900000000000003,1,1
A14_23,0,0,0,0,0,0,0,11,0,0,125.812,0,0,11.43745,0,PAL,A14,A,M,M,24.6,0.297,0.11399999999999999,0,0
A14_24,0,0,0,0,0,0,0,10,0,0,139.533,0,0,13.953299999999999,0,PAL,A14,A,M,M,24.6,0.299,0.142,0,0
A22_31,0,0,0,0,0,0,0,9,0,0,133.912,0,0,14.87911,0,PAL,A22,A,M,L,21.6,0.283,0.283,0,0
A31_37,0,3,0,2,0,0,0,18,2,390.154,203.087,801.006,130.05133,11.28261,400.503,PAL,A31,A,F,H,30.4,0.496,0.28500000000000003,1,4
A32_43,0,0,0,0,0,0,1,22,2,0,289.469,317.551,0,13.157680000000001,158.7755,PAL,A32,A,M,H,30.3,0.297,0.13699999999999998,1,2
A32_44,0,0,0,0,0,0,0,27,0,0,373.684,0,0,13.84015,0,PAL,A32,A,M,H,30.3,0.303,0.156,0,0
A32_48,0,0,0,0,0,0,0,20,0,0,242.234,0,0,12.1117,0,PAL,A32,A,M,H,30.3,0.3,0.127,0,0
B12_10,0,0,0,7,0,0,1,7,4,0,110.7,845.319,0,15.814290000000002,211.32975,PAL,B12,B,F,H,30.2,0.505,0.30100000000000005,1,11
B12_8,0,0,0,1,0,0,0,17,0,0,142.419,0,0,8.37759,0,PAL,B12,B,F,H,30.2,0.459,0.24400000000000002,0,1
B21_11,0,2,0,2,1,0,0,15,4,8.795,216.909,620.355,4.3975,14.460600000000001,155.08875,PAL,B21,B,M,L,20.9,0.316,0.154,1,7
B31_22,0,0,0,2,0,0,0,5,2,0,168.528,481.464,0,33.7056,240.732,PAL,B31,B,M,M,25.5,0.321,0.169,1,4
C11_4,0,0,0,0,0,0,0,0,0,0,0,0,0,0,0,PAL,C11,C,F,L,20.9,0.477,0.22699999999999998,0,0
C11_5,0,1,0,2,0,0,0,25,1,19.349,168.726,645.378,19.349,6.74904,645.378,PAL,C11,C,F,L,20.9,0.496,0.25,1,3
C12_8,0,6,0,4,1,2,1,47,6,64.127,332.957,722.95,10.68783,7.0841899999999995,120.49167,PAL,C12,C,M,L,20.9,0.309,0.133,1,13
C12_9,0,0,0,1,0,0,0,19,3,0,158.71,832.058,0,8.353159999999999,277.35267,PAL,C12,C,M,L,20.9,0.323,0.14900000000000002,1,4
C13_15,0,1,0,4,0,1,0,0,7,900.002,0,875.856,900.002,0,125.12228999999999,PAL,C13,C,F,L,20.9,0.46,0.24700000000000003,1,12
C22_31,0,0,0,0,0,0,0,19,1,0,247.835,163.645,0,13.04395,163.645,PAL,C22,C,M,H,30,0.323,0.135,1,1
C22_33,0,1,0,4,0,0,0,24,3,21.028,248.411,783.012,21.028,10.35046,261.004,PAL,C22,C,M,H,30,0.305,0.147,1,7
C23_37,0,0,0,1,0,0,0,11,1,0,98.994,765.002,0,8.999450000000001,765.002,PAL,C23,C,F,H,30,0.532,0.334,1,2
C23_40,0,0,0,0,0,0,0,20,0,0,318.647,0,0,15.93235,0,PAL,C23,C,F,H,30,0.566,0.2919999999999999,0,0
C23_41,0,1,0,2,0,0,0,23,1,123.523,249.901,214.33,123.523,10.865260000000001,214.33,PAL,C23,C,F,H,30,0.416,0.416,1,3
C24_43,0,1,0,2,0,0,0,10,1,16.32,88.949,833.695,16.32,8.8949,833.695,PAL,C24,C,M,H,30,0.293,0.10499999999999998,1,3
C24_45,0,0,0,1,0,0,0,5,2,0,36.376,503.573,0,7.2752,251.7865,PAL,C24,C,M,H,30,0.324,0.14800000000000002,1,3
C24_48,0,2,0,1,1,0,0,20,4,22.759,152.845,868.602,11.3795,7.64225,217.1505,PAL,C24,C,M,H,30,0.357,0.183,1,6
C31_49,0,0,0,0,0,0,0,21,0,0,304.527,0,0,14.501290000000001,0,PAL,C31,C,F,M,25,0.46,0.46,0,0
C31_53,0,0,0,1,0,0,1,12,4,0,165.808,834.301,0,13.81733,208.57525,PAL,C31,C,F,M,25,0.586,0.33499999999999996,1,5
C32_57,0,0,0,1,0,0,1,12,3,0,122.921,599.088,0,10.24342,199.696,PAL,C32,C,M,M,25,0.314,0.14,1,4
C32_58,0,0,0,2,0,0,0,14,2,0,137.748,79.571,0,9.839139999999999,39.7855,PAL,C32,C,M,M,25,0.34,0.18200000000000002,1,4
C33_65,0,0,0,0,0,0,0,7,0,0,80.797,0,0,11.54243,0,PAL,C33,C,F,M,25,0.481,0.196,0,0
C33_66,0,0,0,0,0,0,2,19,2,0,281.496,864.345,0,14.81558,432.1725,PAL,C33,C,F,M,25,0.553,0.553,1,2
C34_67,0,0,0,0,0,0,0,19,1,0,167.199,192.784,0,8.79995,192.784,PAL,C34,C,M,M,25,0.299,0.11199999999999999,1,1
C34_68,0,4,0,0,0,0,0,30,2,63.344,320.719,207.68,15.836,10.690629999999999,103.84,PAL,C34,C,M,M,25,0.333,0.164,1,2
C34_69,0,2,0,3,0,0,0,21,5,716.454,892.562,717.449,358.227,42.50295,143.4898,PAL,C34,C,M,M,25,0.329,0.168,1,8
C34_71,0,0,0,1,0,0,0,13,1,0,392.347,227.21,0,30.18054,227.21,PAL,C34,C,M,M,25,0.323,0.18000000000000002,1,2
D12_11,0,0,0,0,0,0,0,23,0,0,162.282,0,0,7.05574,0,PAL,D12,D,F,M,25.3,0.454,0.21100000000000002,0,0
D12_12,0,0,0,0,0,0,0,8,0,0,70.815,0,0,8.85188,0,PAL,D12,D,F,M,25.3,0.489,0.317,0,0
D12_9,0,8,0,3,0,0,0,24,2,398.979,174.233,473.207,49.87238,7.25971,236.6035,PAL,D12,D,F,M,25.3,0.453,0.19,1,5
D13_18,0,10,0,0,0,0,0,18,1,629.792,236.605,464.947,62.9792,13.14472,464.947,PAL,D13,D,M,M,25.1,NA,-0.167,1,1
D14_19,0,17,0,2,0,0,0,30,1,381.885,245.674,517.989,22.46382,8.18913,517.989,PAL,D14,D,F,M,25.3,0.403,0.24900000000000003,1,3
D14_21,0,0,0,0,0,0,0,24,0,0,311.131,0,0,12.963790000000001,0,PAL,D14,D,F,M,25.3,0.508,0.238,0,0
D14_23,0,0,0,0,0,0,0,18,0,0,271.256,0,0,15.069780000000002,0,PAL,D14,D,F,M,25.3,0.455,0.21900000000000003,0,0
D21_27,0,4,0,0,1,0,0,6,4,840.319,38.795,861.338,210.07975,6.4658299999999995,215.3345,PAL,D21,D,M,H,30.6,0.334,0.334,1,5
D21_29,0,0,0,1,0,0,0,15,1,0,203.775,421.657,0,13.585,421.657,PAL,D21,D,M,H,30.6,0.276,0.276,1,2
D23_37,0,0,0,1,0,0,0,20,2,0,277.598,690.416,0,13.8799,345.208,PAL,D23,D,M,H,30.3,0.29,0.29,1,3
D24_45,0,0,0,1,1,0,0,31,0,0,289.663,0,0,9.343969999999999,0,PAL,D24,D,F,H,30.3,0.456,0.233,0,2
D31_50,0,0,0,1,0,0,0,5,1,0,64.494,82.353,0,12.8988,82.353,PAL,D31,D,M,L,20.6,0.32,0.10600000000000001,1,2
D31_51,0,0,0,0,0,0,0,5,0,0,215.313,0,0,43.062599999999996,0,PAL,D31,D,M,L,20.6,0.27,0.09600000000000003,0,0
D33_63,0,0,0,0,0,0,0,1,0,0,13.717,0,0,13.717,0,PAL,D33,D,M,L,21.1,0.273,0.11500000000000002,0,0
D34_67,0,3,0,5,0,0,0,19,6,68.169,310.813,900.002,22.723,16.35858,150.00033,PAL,D34,D,F,L,21.3,0.446,0.216,1,11
D34_68,0,0,0,2,0,0,0,8,1,0,122.267,6.005,0,15.28338,6.005,PAL,D34,D,F,L,21.3,0.449,0.24500000000000002,1,3
D34_70,0,2,0,2,0,0,0,16,14,284.413,272.742,897.343,142.2065,17.046380000000003,64.09593,PAL,D34,D,F,L,21.3,0.455,0.252,1,16
A11_4,0,3,0,6,0,0,0,19,4,18.729,133.007,457.944,6.243,7.00037,114.486,PAL,A11,A,F,M,24.6,0.462,0.22000000000000003,1,10
A12_10,0,1,0,6,1,0,1,18,7,9.019,148.094,734.46,9.019,8.22744,104.92286,PAL,A12,A,M,M,24.6,0.311,0.146,1,14
A12_7,0,1,0,1,0,0,1,22,1,2.469,300.868,357.931,2.469,13.67582,357.931,PAL,A12,A,M,M,24.6,0.327,0.15300000000000002,1,2
A12_8,0,2,0,2,0,0,0,39,4,7.284,293.432,646.88,3.642,7.523899999999999,161.72,PAL,A12,A,M,M,24.6,0.324,0.162,1,6
A12_9,0,2,0,6,0,0,2,26,5,6.76,286.452,706.879,3.38,11.01738,141.3758,PAL,A12,A,M,M,24.6,0.303,0.127,1,11
A13_14,0,1,0,0,0,0,0,15,2,2.254,154.391,387.357,2.254,10.292729999999999,193.6785,PAL,A13,A,F,M,24.6,0.527,0.28800000000000003,1,2
A13_16,0,4,0,1,0,0,0,9,3,731.362,98.393,895.876,182.8405,10.932559999999999,298.62533,PAL,A13,A,F,M,24.6,0.424,0.22099999999999997,1,4
A13_18,0,5,0,9,0,4,1,24,15,47.842,302.253,870.353,9.5684,12.593879999999999,58.02353,PAL,A13,A,F,M,24.6,0.5,0.22799999999999998,1,28
A21_28,0,1,0,2,0,0,1,8,4,202.936,70.374,415.879,202.936,8.79675,103.96975,PAL,A21,A,F,L,20.9,0.453,0.453,1,6
A21_29,0,3,0,6,0,0,0,1,3,879.51,8.505,725.934,293.17,8.505,241.978,PAL,A21,A,F,L,20.9,0.508,0.30300000000000005,1,9
A22_33,0,4,0,6,0,0,0,3,10,815.375,46.622,753.473,203.84375,15.54067,75.3473,PAL,A22,A,M,L,21.6,0.3,0.3,1,16
A22_34,0,7,0,4,0,0,1,24,5,173.15,201.727,725.708,24.735709999999997,8.40529,145.1416,PAL,A22,A,M,L,21.6,NA,-0.155,1,9
A22_35,0,2,0,3,0,0,0,18,3,87.925,191.716,796.028,43.9625,10.650889999999999,265.34267,PAL,A22,A,M,L,21.6,0.308,0.142,1,6
A22_36,0,14,0,19,0,1,0,29,22,378.215,210.905,865.094,27.01536,7.27259,39.322449999999996,PAL,A22,A,M,L,21.6,0.311,0.152,1,42
A31_42,0,3,0,7,1,0,0,21,4,96.091,139.075,488.97,32.03033,6.6226199999999995,122.2425,PAL,A31,A,F,H,30.4,0.463,0.22300000000000003,1,12
A32_47,0,15,0,25,0,0,0,24,20,687.003,138.585,891.129,45.8002,5.77438,44.55645,PAL,A32,A,M,H,30.3,0.339,0.16700000000000004,1,45
B11_3,0,1,0,2,1,0,2,23,5,14.022,127.673,829.565,14.022,5.551,165.913,PAL,B11,B,M,H,30.2,0.304,0.13799999999999998,1,8
B11_4,0,3,0,0,0,0,0,23,1,174.412,206.322,682.413,58.13733,8.97052,682.413,PAL,B11,B,M,H,30.2,0.293,0.11499999999999999,1,1
B12_7,0,2,0,3,1,0,2,25,5,28.029,135.445,850.333,14.0145,5.417800000000001,170.0666,PAL,B12,B,F,H,30.2,0.566,0.26999999999999996,1,9
B21_14,0,4,0,6,2,0,0,25,4,15.36,123.23,828.036,3.84,4.9292,207.009,PAL,B21,B,M,L,20.9,0.332,0.14600000000000002,1,12
B22_19,0,5,0,6,0,0,1,10,10,402.43,155.795,597.85,80.486,15.5795,59.785,PAL,B22,B,F,L,21.2,0.599,0.34199999999999997,1,16
B22_20,0,2,0,1,0,0,0,36,0,5.805,278.822,0,2.9025,7.7450600000000005,0,PAL,B22,B,F,L,21.2,0.58,0.33399999999999996,0,1
C11_2,0,4,0,3,0,0,0,10,10,408.165,107.125,880.61,102.04125,10.7125,88.061,PAL,C11,C,F,L,20.9,0.459,0.21700000000000003,1,13
C11_3,1,2,0,6,0,1,1,10,7,376.845,105.908,357.843,188.4225,10.5908,51.12043,PAL,C11,C,F,L,20.9,0.545,0.25200000000000006,1,15
C12_10,0,11,0,4,0,1,1,24,15,590.551,140.883,900.003,53.686449999999994,5.87012,60.0002,PAL,C12,C,M,L,20.9,0.299,0.124,1,20
C12_11,0,8,0,1,1,1,0,14,6,645.332,95.784,898.347,80.6665,6.84171,149.7245,PAL,C12,C,M,L,20.9,0.347,0.173,1,9
C12_7,0,4,0,1,0,0,0,27,2,19.099,275.224,727.206,4.77475,10.19348,363.603,PAL,C12,C,M,L,20.9,0.279,0.10000000000000003,1,3
C13_14,0,9,0,5,0,0,1,20,6,185.007,246.86,810.293,20.556330000000003,12.343,135.04882999999998,PAL,C13,C,F,L,20.9,0.537,0.537,1,11
C13_16,0,6,0,14,0,2,0,20,12,261.272,310.553,532.499,43.54533,15.52765,44.374919999999996,PAL,C13,C,F,L,20.9,0.475,0.189,1,28
C13_17,0,3,0,5,0,0,2,11,11,122.229,271.52,849.102,40.743,24.68364,77.19109,PAL,C13,C,F,L,20.9,0.516,0.256,1,16
C13_18,0,4,0,0,0,0,0,21,0,35.314,405.479,0,8.8285,19.30852,0,PAL,C13,C,F,L,20.9,0.474,0.24499999999999997,0,0
C14_19,0,2,0,2,0,1,0,19,5,16.494,301.823,779.263,8.247,15.88542,155.8526,PAL,C14,C,M,L,20.9,0.307,0.155,1,8
C14_22,0,3,0,7,1,1,0,19,9,26.278,181.659,832.564,8.75933,9.561,92.50711,PAL,C14,C,M,L,20.9,0.28,0.10600000000000004,1,18
C14_24,0,8,0,5,2,0,0,20,4,403.616,268.303,600.351,50.452,13.415149999999999,150.08775,PAL,C14,C,M,L,20.9,0.344,0.344,1,11
C21_25,0,3,0,0,0,0,0,12,1,449.788,97.432,454.422,149.92933,8.11933,454.422,PAL,C21,C,F,H,30,0.523,0.321,1,1
C21_26,0,1,0,1,0,0,0,0,0,900.003,0,0,900.003,0,0,PAL,C21,C,F,H,30,0.487,0.22199999999999998,0,1
C21_30,0,2,0,5,0,0,0,7,8,260.188,49.174,660.848,130.094,7.024859999999999,82.606,PAL,C21,C,F,H,30,0.585,0.32599999999999996,1,13
C22_36,0,1,0,0,0,0,0,23,0,23.521,173.136,0,23.521,7.5276499999999995,0,PAL,C22,C,M,H,30,0.317,0.146,0,0
C23_38,0,4,0,1,1,0,0,27,3,183.152,218.85,809.029,45.788,8.10556,269.67633,PAL,C23,C,F,H,30,0.547,0.29600000000000004,1,5
C23_42,0,1,0,1,0,0,0,6,0,224.724,38.979,0,224.724,6.4965,0,PAL,C23,C,F,H,30,0.568,0.2869999999999999,0,1
C24_44,0,3,0,2,0,0,0,24,3,11.815,134.347,774.984,3.93833,5.59779,258.328,PAL,C24,C,M,H,30,0.284,0.10799999999999998,1,5
C24_46,0,1,0,0,0,0,0,13,4,5.715,518.35,405.657,5.715,39.87308,101.41425,PAL,C24,C,M,H,30,0.359,0.182,1,4
C31_50,0,2,0,7,0,0,0,24,10,165.538,226.246,895.129,82.769,9.42692,89.51289999999999,PAL,C31,C,F,M,25,0.555,0.555,1,17
C31_52,0,2,0,7,0,0,1,14,6,37.553,116.621,583.816,18.7765,8.33007,97.30266999999999,PAL,C31,C,F,M,25,0.571,0.29999999999999993,1,13
C32_55,0,7,0,1,0,0,1,19,7,65.646,222.759,872.106,9.378,11.72416,124.58657000000001,PAL,C32,C,M,M,25,0.293,0.12799999999999997,1,8
C32_60,0,3,0,4,0,0,0,12,4,424.286,180.974,879.867,141.42867,15.08117,219.96675,PAL,C32,C,M,M,25,0.381,0.20900000000000002,1,8
C33_63,0,2,0,5,0,0,0,10,10,201.671,116.636,887.623,100.8355,11.6636,88.7623,PAL,C33,C,F,M,25,0.582,0.32299999999999995,1,15
C34_70,0,1,0,2,0,0,0,14,0,5.74,264.888,0,5.74,18.92057,0,PAL,C34,C,M,M,25,0.331,0.14200000000000002,0,2
D12_10,1,7,0,20,0,0,0,16,11,221.119,209.49,854.091,31.58843,13.09312,77.64464,PAL,D12,D,F,M,25.3,0.492,0.267,1,32
D12_7,1,7,1,7,0,0,0,7,9,556.905,81.849,857.844,79.55786,11.69271,95.316,PAL,D12,D,F,M,25.3,0.405,0.14800000000000002,1,18
D12_8,1,8,0,16,0,1,2,33,14,92.819,370.664,601.081,11.602379999999998,11.23224,42.93436,PAL,D12,D,F,M,25.3,0.291,0.05199999999999999,1,32
D13_14,0,16,0,13,2,2,0,31,17,464.81,268.317,892.875,29.05062,8.655389999999999,52.522059999999996,PAL,D13,D,M,M,25.1,0.318,0.155,1,34
D13_16,0,2,0,21,2,11,0,16,15,185.035,323.938,863.842,92.5175,20.246119999999998,57.58947,PAL,D13,D,M,M,25.1,0.302,0.13799999999999998,1,49
D14_20,0,0,0,0,0,0,0,22,0,0,128.502,0,0,5.841,0,PAL,D14,D,F,M,25.3,0.428,0.183,0,0
D14_24,0,14,0,10,0,0,1,16,18,561.13,263.881,833.317,40.080709999999996,16.49256,46.29539,PAL,D14,D,F,M,25.3,0.486,0.293,1,28
D21_26,0,4,0,0,0,1,0,49,0,97.294,319.931,0,24.3235,6.5291999999999994,0,PAL,D21,D,M,H,30.6,0.256,0.10300000000000001,0,1
D21_30,0,1,0,4,0,0,0,22,6,65.761,278.99,851.833,65.761,12.68136,141.97217,PAL,D21,D,M,H,30.6,0.281,0.12800000000000003,1,10
D22_32,0,6,0,6,0,0,0,9,2,709.798,57.909,459.436,118.29966999999999,6.43433,229.718,PAL,D22,D,F,H,30.2,0.418,0.19299999999999998,1,8
D22_34,0,2,0,1,0,0,0,25,0,54.748,337.525,0,27.374,13.501,0,PAL,D22,D,F,H,30.2,0.402,0.11800000000000005,0,1
D23_39,0,1,0,7,0,0,0,19,8,33.776,214.093,870.343,33.776,11.268049999999999,108.79288000000001,PAL,D23,D,M,H,30.3,0.265,0.08900000000000002,1,15
D23_42,3,5,0,12,0,0,1,12,6,253.813,301.398,894.594,50.7626,25.1165,149.099,PAL,D23,D,M,H,30.3,0.248,0.07600000000000001,1,21
D24_44,0,5,0,4,0,0,0,26,2,87.243,354.28,609.586,17.4486,13.626149999999999,304.793,PAL,D24,D,F,H,30.3,0.37,0.161,1,6
D24_46,0,2,0,1,0,0,3,27,5,3.848,548.377,877.614,1.924,20.31026,175.5228,PAL,D24,D,F,H,30.3,0.448,0.215,1,6
D24_47,0,3,0,3,0,0,0,44,7,52.81,400.53,791.513,17.603330000000003,9.10295,113.07329,PAL,D24,D,F,H,30.3,0.417,0.19599999999999998,1,10
D24_48,0,1,0,4,0,0,0,13,4,1.516,99.893,882.619,1.516,7.68408,220.65475,PAL,D24,D,F,H,30.3,0.323,0.137,1,8
D31_53,0,4,0,3,0,0,0,6,6,423.798,47.432,881.373,105.9495,7.90533,146.8955,PAL,D31,D,M,L,20.6,0.246,0.064,1,9
D31_54,0,2,0,14,0,0,0,1,3,895.631,4.364,900.003,447.8155,4.364,300.001,PAL,D31,D,M,L,20.6,0.317,0.14200000000000002,1,17
D32_56,0,4,0,0,1,0,0,9,2,479.494,185.764,874.351,119.8735,20.640439999999998,437.1755,PAL,D32,D,F,L,21.1,0.496,0.496,1,3
D32_57,0,2,0,5,1,1,0,25,9,14.278,463.746,885.844,7.139,18.54984,98.42711,PAL,D32,D,F,L,21.1,0.307,0.07699999999999999,1,16
D32_58,0,2,0,19,0,0,1,5,17,717.651,149.652,751.486,358.8255,29.930400000000002,44.205059999999996,PAL,D32,D,F,L,21.1,0.443,0.221,1,36
D32_60,0,5,0,10,0,0,0,6,10,640.012,90.915,792.03,128.0024,15.1525,79.203,PAL,D32,D,F,L,21.1,NA,NA,1,20
D33_62,0,3,0,3,0,0,0,2,6,866.299,17.918,750.986,288.76633000000004,8.959,125.16433,PAL,D33,D,M,L,21.1,NA,-0.17,1,9
D33_64,0,4,0,2,0,0,0,7,8,491.447,66.538,759.98,122.86175,9.50543,94.9975,PAL,D33,D,M,L,21.1,0.317,0.126,1,10
D33_65,0,1,0,7,0,0,1,20,5,164.826,121.984,855.839,164.826,6.0992,171.1678,PAL,D33,D,M,L,21.1,NA,NA,1,12
D34_69,0,2,0,3,1,0,0,13,7,84.058,124.012,709.176,42.029,9.53938,101.31086,PAL,D34,D,F,L,21.3,0.413,0.16199999999999998,1,11
A11_5,0,1,0,2,0,0,0,12,2,9.054,88.991,19.415,9.054,7.41592,9.7075,PAL,A11,A,F,M,24.6,0.432,0.432,1,4
C14_20,0,2,0,7,0,0,0,33,8,35.533,369.524,898.843,17.7665,11.197700000000001,112.35538000000001,PAL,C14,C,M,L,20.9,0.336,0.169,1,15
A31_40,0,5,0,11,0,0,0,5,8,830.944,32.229,667.438,166.1888,6.4458,83.42975,PAL,A31,A,F,H,30.4,0.474,0.259,1,19
D22_36,0,10,0,11,0,0,1,13,10,715.528,183.979,814.053,71.5528,14.15223,81.4053,PAL,D22,D,F,H,30.2,0.415,0.18,1,21
D32_55,1,6,0,11,0,6,0,6,8,798.034,111.835,473.753,133.00567,18.63917,59.219120000000004,PAL,D32,D,F,L,21.1,0.496,0.277,1,26
D32_59,1,4,0,14,0,0,0,4,17,828.492,26.894,873.111,207.123,6.7235,51.35947,PAL,D32,D,F,L,21.1,0.402,0.19000000000000003,1,32
A31_39,0,0,0,3,0,0,0,20,1,0,148.232,260.752,0,7.4116,260.752,PAL,A31,A,F,H,30.4,0.451,0.232,1,4
B12_6,0,7,0,3,0,0,0,22,2,148.391,363.079,667.659,21.19871,16.50359,333.8295,PAL,B12,B,F,H,30.2,0.435,0.23,1,5
D31_49,0,0,0,0,0,0,0,17,1,0,215.094,493.003,0,12.65259,493.003,PAL,D31,D,M,L,20.6,0.281,0.12300000000000003,1,1
A21_26,0,3,0,4,2,0,0,11,3,300.403,110.043,878.351,100.13433,10.00391,292.78367,PAL,A21,A,F,L,20.9,0.524,0.30600000000000005,1,9
D22_35,0,2,0,1,0,0,0,23,2,493.979,250.884,448.692,246.9895,10.908,224.346,PAL,D22,D,F,H,30.2,0.466,0.20500000000000002,1,3
B11_1,0,5,0,0,0,0,0,6,0,636.477,49.108,0,127.2954,8.18467,0,PAL,B11,B,M,H,30.2,0.371,0.218,0,0
D23_40,0,0,0,1,0,0,0,9,3,0,105.627,369.4,0,11.73633,123.13333,PAL,D23,D,M,H,30.3,0.283,0.11499999999999996,1,4
B32_26,0,6,0,1,0,0,0,26,3,108.791,281.909,351.101,18.13183,10.842649999999999,117.03367,PAN,B32,B,F,M,25.5,0.236,0.354,1,4
B32_29,0,2,0,0,0,0,0,21,1,132.947,144.43,314.684,66.4735,6.87762,314.684,PAN,B32,B,F,M,25.5,0.225,0.256,1,1
B32_30,0,6,0,0,0,1,1,24,7,220.441,341.389,757.029,36.74017,14.224540000000001,108.147,PAN,B32,B,F,M,25.5,0.226,0.28700000000000003,1,8
A14_19,0,9,0,0,0,0,1,24,2,155.158,272.202,558.425,17.23978,11.34175,279.2125,PAN,A14,A,M,M,24.6,0.146,0.17,1,2
D13_15,0,8,0,0,0,0,0,13,2,449.596,144.718,5.51,56.1995,11.13215,2.755,PAN,D13,D,M,M,25.1,0.161,0.13599999999999998,1,2
C11_6,0,5,0,2,0,0,0,3,4,569.005,15.905,227.678,113.801,5.30167,56.9195,PAN,C11,C,F,L,20.9,0.22,0.234,1,6
A32_45,0,0,0,0,0,0,0,5,0,0,43.394,0,0,8.678799999999999,0,PAN,A32,A,M,H,30.3,0.167,0.145,0,0
C21_29,0,1,0,0,0,0,0,2,0,449.427,44.471,0,449.427,22.2355,0,PAN,C21,C,F,H,30,0.293,0.21800000000000003,0,0
C32_56,0,0,0,0,0,0,1,13,1,0,223.328,327.814,0,17.179080000000003,327.814,PAN,C32,C,M,M,25,0.153,0.18900000000000003,1,1
D13_17,0,0,0,0,0,0,0,19,5,0,701.756,607.834,0,36.93453,121.5668,PAN,D13,D,M,M,25.1,0.149,0.157,1,5
A11_2,0,5,0,1,0,0,0,26,0,90.358,307.312,0,18.0716,11.819690000000001,0,PAN,A11,A,F,M,24.6,0.213,0.3380000000000001,0,1
A11_3,0,5,0,0,0,0,0,27,1,193.485,211.834,790.023,38.697,7.8457,790.023,PAN,A11,A,F,M,24.6,NA,0.323,1,1
A11_6,0,7,0,0,0,0,0,17,3,276.434,167.326,705.186,39.49057,9.842709999999999,235.062,PAN,A11,A,F,M,24.6,0.261,0.07600000000000001,1,3
A12_11,0,4,0,0,0,0,1,27,1,149.994,170.052,722.959,37.4985,6.298220000000001,722.959,PAN,A12,A,M,M,24.6,0.137,0.16299999999999998,1,1
A12_12,0,4,0,0,0,0,0,31,2,149.655,211.849,793.025,37.41375,6.83384,396.5125,PAN,A12,A,M,M,24.6,0.169,0.17699999999999996,1,2
A13_13,0,1,0,1,0,0,2,14,2,38.741,222.357,386.615,38.741,15.882639999999999,193.3075,PAN,A13,A,F,M,24.6,0.276,0.21399999999999997,1,3
A14_21,0,4,0,0,1,0,0,28,1,170.282,474.743,220.94,42.5705,16.95511,220.94,PAN,A14,A,M,M,24.6,0.172,0.132,1,2
A14_22,0,5,0,0,0,0,0,19,1,264.02,105.812,520.245,52.804,5.56905,520.245,PAN,A14,A,M,M,24.6,0.176,0.09900000000000003,1,1
A14_23,0,1,0,0,0,0,0,10,0,51.428,204.56,0,51.428,20.456,0,PAN,A14,A,M,M,24.6,0.183,0.11399999999999999,0,0
A14_24,0,1,0,0,0,0,0,8,0,66.318,80.307,0,66.318,10.03838,0,PAN,A14,A,M,M,24.6,0.157,0.142,0,0
A22_31,0,5,0,0,0,0,0,7,0,775.81,136.955,0,155.162,19.565,0,PAN,A22,A,M,L,21.6,NA,0.283,0,0
A31_37,0,0,0,0,0,0,2,26,2,0,277.977,801.006,0,10.69142,400.503,PAN,A31,A,F,H,30.4,0.211,0.28500000000000003,1,2
A32_43,0,6,0,1,0,0,0,18,2,523.98,158.645,317.801,87.33,8.81361,158.9005,PAN,A32,A,M,H,30.3,0.16,0.13699999999999998,1,3
A32_44,0,11,0,0,0,0,0,26,0,432.924,132.898,0,39.356730000000006,5.11146,0,PAN,A32,A,M,H,30.3,0.147,0.156,0,0
A32_48,0,9,0,0,0,0,0,11,0,606.382,134.772,0,67.37577999999999,12.252,0,PAN,A32,A,M,H,30.3,0.173,0.127,0,0
B12_10,0,1,0,0,0,0,2,23,4,0.995,366.975,845.319,0.995,15.95543,211.32975,PAN,B12,B,F,H,30.2,0.204,0.30100000000000005,1,4
B12_8,0,1,0,0,0,0,0,9,0,519.491,179.849,0,519.491,19.983220000000003,0,PAN,B12,B,F,H,30.2,0.215,0.24400000000000002,0,0
B21_11,0,2,0,2,0,0,2,10,4,199.932,508.626,619.855,99.966,50.8626,154.96375,PAN,B21,B,M,L,20.9,0.162,0.154,1,6
B31_22,0,9,0,0,0,1,2,10,2,673.325,137.438,482.213,74.81389,13.743799999999998,241.1065,PAN,B31,B,M,M,25.5,0.152,0.169,1,3
C11_4,0,3,0,0,0,0,0,16,0,38.98,197.723,0,12.99333,12.35769,0,PAN,C11,C,F,L,20.9,0.25,0.22699999999999998,0,0
C11_5,0,0,0,0,1,0,0,47,1,0,415.852,645.378,0,8.84791,645.378,PAN,C11,C,F,L,20.9,0.246,0.25,1,2
C12_8,0,0,0,4,0,0,1,39,6,0,618.736,722.95,0,15.86503,120.49167,PAN,C12,C,M,L,20.9,0.176,0.133,1,10
C12_9,0,9,0,1,1,0,3,26,3,277.054,165.839,832.058,30.78378,6.37842,277.35267,PAN,C12,C,M,L,20.9,0.174,0.14900000000000002,1,5
C13_15,0,0,0,0,0,0,5,26,7,0,283.126,875.856,0,10.88946,125.12228999999999,PAN,C13,C,F,L,20.9,0.213,0.24700000000000003,1,7
C22_31,0,7,0,0,0,0,1,23,1,328.758,278.1,163.645,46.96543,12.091299999999999,163.645,PAN,C22,C,M,H,30,0.188,0.135,1,1
C22_33,0,0,0,0,0,0,2,12,3,0,545.201,783.012,0,45.43342,261.004,PAN,C22,C,M,H,30,0.158,0.147,1,3
C23_37,0,2,0,1,0,0,0,26,1,143.072,290.368,764.75,71.536,11.168,764.75,PAN,C23,C,F,H,30,0.198,0.334,1,2
C23_40,0,6,0,0,0,0,0,12,0,703.836,120.098,0,117.306,10.00817,0,PAN,C23,C,F,H,30,0.274,0.2919999999999999,0,0
C23_41,0,0,0,0,0,0,1,8,1,0,78.195,213.169,0,9.774379999999999,213.169,PAN,C23,C,F,H,30,NA,0.416,1,1
C24_43,0,2,0,0,1,0,0,14,1,122.692,143.791,833.695,61.346,10.270790000000002,833.695,PAN,C24,C,M,H,30,0.188,0.10499999999999998,1,2
C24_45,0,2,0,1,0,0,2,12,2,490.495,229.483,503.573,245.2475,19.12358,251.7865,PAN,C24,C,M,H,30,0.176,0.14800000000000002,1,3
C24_48,0,0,0,0,1,1,1,19,4,0,189.869,868.602,0,9.99311,217.1505,PAN,C24,C,M,H,30,0.174,0.183,1,6
C31_49,0,6,0,0,0,0,0,10,0,537.331,190.314,0,89.55517,19.0314,0,PAN,C31,C,F,M,25,NA,0.46,0,0
C31_53,0,9,0,0,0,0,1,23,4,332.691,190.236,833.316,36.965669999999996,8.27113,208.329,PAN,C31,C,F,M,25,0.251,0.33499999999999996,1,4
C32_57,0,3,0,0,0,0,0,15,2,69.837,479.443,599.334,23.279,31.96287,299.667,PAN,C32,C,M,M,25,0.174,0.14,1,2
C32_58,0,2,0,0,0,0,0,5,2,663.196,35.904,79.814,331.598,7.1808000000000005,39.907,PAN,C32,C,M,M,25,0.158,0.18200000000000002,1,2
C33_65,0,1,0,0,0,0,0,2,0,852.718,17.765,0,852.718,8.8825,0,PAN,C33,C,F,M,25,0.285,0.196,0,0
C33_66,0,5,0,0,0,0,0,25,2,186.525,388.563,864.345,37.305,15.54252,432.1725,PAN,C33,C,F,M,25,NA,0.553,1,2
C34_67,0,18,0,0,0,0,0,35,1,354.976,430.312,191.166,19.72089,12.29463,191.166,PAN,C34,C,M,M,25,0.187,0.11199999999999999,1,1
C34_68,0,0,0,1,0,0,0,4,2,0,10.255,207.68,0,2.56375,103.84,PAN,C34,C,M,M,25,0.169,0.164,1,3
C34_69,0,10,0,1,0,0,1,14,5,112.642,799.345,717.95,11.2642,57.09607,143.59,PAN,C34,C,M,M,25,0.161,0.168,1,6
C34_71,0,2,0,0,0,0,0,14,1,151.861,549.545,227.21,75.9305,39.253209999999996,227.21,PAN,C34,C,M,M,25,0.143,0.18000000000000002,1,1
D12_11,0,7,0,0,0,1,0,36,0,105.596,360.07,0,15.085139999999999,10.001940000000001,0,PAN,D12,D,F,M,25.3,0.243,0.21100000000000002,0,1
D12_12,0,3,0,0,0,0,0,5,0,812.187,52.074,0,270.729,10.4148,0,PAN,D12,D,F,M,25.3,0.172,0.317,0,0
D12_9,0,0,0,0,0,0,2,26,2,0,734.629,473.207,0,28.25496,236.6035,PAN,D12,D,F,M,25.3,0.263,0.19,1,2
D13_18,0,0,0,0,0,0,1,14,1,0,786.088,462.193,0,56.14914,462.193,PAN,D13,D,M,M,25.1,0.167,-0.167,1,1
D14_19,0,0,0,0,0,0,0,8,1,0,48.568,517.483,0,6.071,517.483,PAN,D14,D,F,M,25.3,0.154,0.24900000000000003,1,1
D14_21,0,9,0,0,0,0,0,17,0,602.489,271.411,0,66.94322,15.96535,0,PAN,D14,D,F,M,25.3,0.27,0.238,0,0
D14_23,0,4,0,1,0,0,0,4,0,867.309,34.194,0,216.82725,8.5485,0,PAN,D14,D,F,M,25.3,0.236,0.21900000000000003,0,1
D21_27,0,0,0,0,0,0,0,22,4,0,311.042,861.338,0,14.13827,215.3345,PAN,D21,D,M,H,30.6,NA,0.334,1,4
D21_29,0,5,0,0,0,0,1,6,1,833.636,60.263,421.657,166.7272,10.04383,421.657,PAN,D21,D,M,H,30.6,NA,0.276,1,1
D23_37,0,11,0,0,0,0,0,25,2,276.954,250.18,690.416,25.17764,10.007200000000001,345.208,PAN,D23,D,M,H,30.3,NA,0.29,1,2
D24_45,0,5,0,0,0,0,0,25,0,378.353,156.057,0,75.67060000000001,6.24228,0,PAN,D24,D,F,H,30.3,0.223,0.233,0,0
D31_50,0,6,0,0,0,0,0,19,1,156.662,212.895,81.603,26.11033,11.205,81.603,PAN,D31,D,M,L,20.6,0.214,0.10600000000000001,1,1
D31_51,0,2,0,0,0,0,0,2,0,842.909,33.941,0,421.4545,16.9705,0,PAN,D31,D,M,L,20.6,0.174,0.09600000000000003,0,0
D33_63,0,1,0,0,0,0,0,1,0,884.598,15.404,0,884.598,15.404,0,PAN,D33,D,M,L,21.1,0.158,0.11500000000000002,0,0
D34_67,0,0,0,2,0,0,1,14,6,0,323.518,900.002,0,23.108430000000002,150.00033,PAN,D34,D,F,L,21.3,0.23,0.216,1,8
D34_68,0,3,0,0,0,1,0,16,0,225.679,193.143,0,75.22633,12.07144,0,PAN,D34,D,F,L,21.3,0.204,0.24500000000000002,0,1
D34_70,0,0,0,0,0,1,1,42,14,0,600.359,897.343,0,14.29426,64.09593,PAN,D34,D,F,L,21.3,0.203,0.252,1,15
A11_4,0,1,0,0,0,0,3,28,4,22.04,244.309,457.442,22.04,8.72532,114.3605,PAN,A11,A,F,M,24.6,0.242,0.22000000000000003,1,4
A12_10,0,10,0,0,2,1,1,25,7,502.627,162.836,734.46,50.262699999999995,6.513439999999999,104.92286,PAN,A12,A,M,M,24.6,0.165,0.146,1,10
A12_7,0,11,0,0,0,2,0,54,1,286.507,364.846,357.931,26.04609,6.75641,357.931,PAN,A12,A,M,M,24.6,0.174,0.15300000000000002,1,3
A12_8,0,3,1,2,2,1,2,32,4,148.603,588.1,646.88,49.534330000000004,18.37812,161.72,PAN,A12,A,M,M,24.6,0.162,0.162,1,10
A12_9,0,8,0,1,1,0,1,38,5,364.956,213.519,706.879,45.6195,5.61892,141.3758,PAN,A12,A,M,M,24.6,0.176,0.127,1,7
A13_14,0,1,0,1,0,0,1,18,2,40.771,219.235,387.357,40.771,12.17972,193.6785,PAN,A13,A,F,M,24.6,0.239,0.28800000000000003,1,3
A13_16,0,3,0,1,0,0,0,24,3,81.569,185.152,895.876,27.18967,7.71467,298.62533,PAN,A13,A,F,M,24.6,0.203,0.22099999999999997,1,4
A13_18,0,6,0,0,0,0,0,7,15,760.048,108.299,870.353,126.67466999999999,15.471290000000002,58.02353,PAN,A13,A,F,M,24.6,0.272,0.22799999999999998,1,15
A21_28,0,3,0,0,0,0,1,14,4,495.242,244.388,415.879,165.08067000000003,17.45629,103.96975,PAN,A21,A,F,L,20.9,NA,0.453,1,4
A21_29,0,4,0,0,0,0,1,38,3,177.012,385.231,725.934,44.253,10.13766,241.978,PAN,A21,A,F,L,20.9,0.205,0.30300000000000005,1,3
A22_33,0,13,1,1,0,0,1,18,11,605.532,155.063,753.473,46.57938,8.61461,68.49755,PAN,A22,A,M,L,21.6,NA,0.3,1,13
A22_34,0,5,0,1,0,0,0,24,5,166.958,200.349,725.708,33.3916,8.34788,145.1416,PAN,A22,A,M,L,21.6,0.155,-0.155,1,6
A22_35,0,8,0,0,0,0,1,27,3,183.286,363.441,796.028,22.91075,13.460780000000002,265.34267,PAN,A22,A,M,L,21.6,0.166,0.142,1,3
A22_36,0,20,0,3,0,0,3,40,22,446.019,364.752,865.555,22.30095,9.118799999999998,39.343410000000006,PAN,A22,A,M,L,21.6,0.159,0.152,1,25
A31_42,0,6,0,0,0,0,1,37,4,222.855,237.301,488.97,37.1425,6.41354,122.2425,PAN,A31,A,F,H,30.4,0.24,0.22300000000000003,1,4
A32_47,0,4,0,7,4,0,11,40,20,23.277,642.163,891.129,5.81925,16.05408,44.55645,PAN,A32,A,M,H,30.3,0.172,0.16700000000000004,1,31
B11_3,0,5,0,2,2,1,0,14,5,384.241,89.441,829.565,76.84819999999999,6.3886400000000005,165.913,PAN,B11,B,M,H,30.2,0.166,0.13799999999999998,1,10
B11_4,0,2,0,0,0,0,0,14,1,16.206,81.261,682.909,8.103,5.80436,682.909,PAN,B11,B,M,H,30.2,0.178,0.11499999999999999,1,1
B12_7,0,11,0,0,0,0,1,28,5,422.707,272.53,850.333,38.427910000000004,9.73321,170.0666,PAN,B12,B,F,H,30.2,0.296,0.26999999999999996,1,5
B21_14,0,15,0,0,0,0,3,31,4,326.342,323.467,828.036,21.756130000000002,10.43442,207.009,PAN,B21,B,M,L,20.9,0.186,0.14600000000000002,1,4
B22_19,0,4,0,2,0,0,2,18,10,227.387,168.105,597.85,56.84675,9.33917,59.785,PAN,B22,B,F,L,21.2,0.257,0.34199999999999997,1,12
B22_20,0,1,0,2,0,0,0,20,0,45.256,368.143,0,45.256,18.40715,0,PAN,B22,B,F,L,21.2,0.246,0.33399999999999996,0,2
C11_2,0,0,0,3,0,0,1,29,10,0,378.666,880.61,0,13.057450000000001,88.061,PAN,C11,C,F,L,20.9,0.242,0.21700000000000003,1,13
C11_3,0,4,0,1,0,0,0,9,7,167.625,86.433,357.843,41.90625,9.60367,51.12043,PAN,C11,C,F,L,20.9,0.293,0.25200000000000006,1,8
C12_10,0,12,0,5,0,1,8,48,16,166.327,522.453,900.003,13.86058,10.88444,56.25019,PAN,C12,C,M,L,20.9,0.175,0.124,1,22
C12_11,0,4,0,1,2,1,2,19,6,41.493,143.603,898.347,10.37325,7.558050000000001,149.7245,PAN,C12,C,M,L,20.9,0.174,0.173,1,10
C12_7,0,9,0,0,0,0,1,35,2,167.196,293.887,727.71,18.577330000000003,8.39677,363.855,PAN,C12,C,M,L,20.9,0.179,0.10000000000000003,1,2
C13_14,0,6,0,0,0,0,3,25,6,184.947,255.277,810.293,30.8245,10.211079999999999,135.04882999999998,PAN,C13,C,F,L,20.9,NA,0.537,1,6
C13_16,0,6,0,4,0,0,2,18,12,433.145,255.503,532.499,72.19083,14.19461,44.374919999999996,PAN,C13,C,F,L,20.9,0.286,0.189,1,16
C13_17,0,14,1,2,0,0,2,26,11,526.914,262.976,848.684,37.63671,10.11446,77.15308999999999,PAN,C13,C,F,L,20.9,0.26,0.256,1,14
C13_18,0,2,0,0,0,1,0,29,0,132.156,280.904,0,66.078,9.68634,0,PAN,C13,C,F,L,20.9,0.229,0.24499999999999997,0,1
C14_19,0,4,0,0,1,3,2,21,6,200.939,368.965,779.263,50.23475,17.56976,129.87717,PAN,C14,C,M,L,20.9,0.152,0.155,1,10
C14_22,0,4,0,1,0,2,4,17,9,290.734,153.523,832.564,72.6835,9.03076,92.50711,PAN,C14,C,M,L,20.9,0.174,0.10600000000000004,1,12
C14_24,0,3,0,2,0,0,4,24,4,92.66,372.597,600.351,30.88667,15.52488,150.08775,PAN,C14,C,M,L,20.9,NA,0.344,1,6
C21_25,0,2,0,0,0,0,0,28,1,94.756,372.26,454.422,47.378,13.295,454.422,PAN,C21,C,F,H,30,0.202,0.321,1,1
C21_26,0,1,0,0,0,0,0,7,0,718.456,102.059,0,718.456,14.57986,0,PAN,C21,C,F,H,30,0.265,0.22199999999999998,0,0
C21_30,1,12,0,0,1,0,1,19,8,448.8,218.246,660.848,37.4,11.48663,82.606,PAN,C21,C,F,H,30,0.259,0.32599999999999996,1,10
C22_36,0,4,0,0,1,1,0,33,0,47.11,423.926,0,11.7775,12.84624,0,PAN,C22,C,M,H,30,0.171,0.146,0,2
C23_38,0,3,0,0,0,0,1,38,3,66.059,326.869,809.029,22.019669999999998,8.60182,269.67633,PAN,C23,C,F,H,30,0.251,0.29600000000000004,1,3
C23_42,0,3,0,0,0,0,0,4,0,884.119,19.761,0,294.70633000000004,4.94025,0,PAN,C23,C,F,H,30,0.281,0.2869999999999999,0,0
C24_44,0,3,0,0,0,1,0,13,3,133.99,224.19,774.984,44.66333,17.24538,258.328,PAN,C24,C,M,H,30,0.176,0.10799999999999998,1,4
C24_46,0,3,0,0,0,0,0,24,3,129.862,359.854,752.983,43.287330000000004,14.99392,250.99433,PAN,C24,C,M,H,30,0.177,0.182,1,3
C31_50,0,8,0,0,0,0,3,25,9,434.024,324.837,881.615,54.253,12.99348,97.95722,PAN,C31,C,F,M,25,NA,0.555,1,9
C31_52,0,5,0,1,0,0,1,11,6,633.965,99.11,583.568,126.793,9.01,97.26133,PAN,C31,C,F,M,25,0.271,0.29999999999999993,1,7
C32_55,0,5,0,0,0,0,1,18,7,184.408,521.957,871.86,36.8816,28.99761,124.55143,PAN,C32,C,M,M,25,0.165,0.12799999999999997,1,7
C32_60,0,3,0,1,0,0,0,12,4,172.894,121.963,879.867,57.63133,10.16358,219.96675,PAN,C32,C,M,M,25,0.172,0.20900000000000002,1,5
C33_63,0,12,0,2,0,0,2,21,10,674.732,169.458,888.121,56.227669999999996,8.06943,88.8121,PAN,C33,C,F,M,25,0.259,0.32299999999999995,1,12
C34_70,0,11,0,0,1,0,0,15,0,668.692,136.294,0,60.79018,9.08627,0,PAN,C34,C,M,M,25,0.189,0.14200000000000002,0,1
D12_10,0,6,0,7,0,0,1,12,11,220.577,348.622,854.091,36.76283,29.051830000000002,77.64464,PAN,D12,D,F,M,25.3,0.225,0.267,1,18
D12_7,0,12,0,1,0,0,3,14,9,432.65,471.714,857.846,36.05417,33.69386,95.31622,PAN,D12,D,F,M,25.3,0.257,0.14800000000000002,1,10
D12_8,0,4,0,6,0,0,0,17,14,432.721,102.737,601.332,108.18025,6.04335,42.95229,PAN,D12,D,F,M,25.3,0.239,0.05199999999999999,1,20
D13_14,0,3,1,3,2,1,1,35,17,79.737,422.82,892.875,26.579,12.08057,52.522059999999996,PAN,D13,D,M,M,25.1,0.163,0.155,1,24
D13_16,0,3,0,10,0,0,1,28,15,98.24,443.987,863.842,32.74667,15.85668,57.58947,PAN,D13,D,M,M,25.1,0.164,0.13799999999999998,1,25
D14_20,0,7,0,0,0,0,0,20,0,703.75,104.91,0,100.53571000000001,5.2455,0,PAN,D14,D,F,M,25.3,0.245,0.183,0,0
D14_24,0,1,0,1,1,0,4,29,18,34.275,540.78,834.069,34.275,18.64759,46.33717,PAN,D14,D,F,M,25.3,0.193,0.293,1,20
D21_26,0,1,0,0,0,0,0,3,0,109.826,74.567,0,109.826,24.85567,0,PAN,D21,D,M,H,30.6,0.153,0.10300000000000001,0,0
D21_30,0,4,0,1,0,0,0,16,6,481.159,167.645,851.833,120.28975,10.47781,141.97217,PAN,D21,D,M,H,30.6,0.153,0.12800000000000003,1,7
D22_32,0,3,0,1,0,0,0,31,2,213.83,496.007,459.436,71.27667,16.00023,229.718,PAN,D22,D,F,H,30.2,0.225,0.19299999999999998,1,3
D22_34,0,7,0,0,0,0,0,17,0,325.814,396.331,0,46.54486,23.31359,0,PAN,D22,D,F,H,30.2,0.284,0.11800000000000005,0,0
D23_39,0,6,0,0,0,0,0,11,8,645.559,117.524,870.343,107.59317,10.684,108.79288000000001,PAN,D23,D,M,H,30.3,0.176,0.08900000000000002,1,8
D23_42,0,9,0,3,0,0,0,10,6,232.8,156.472,894.594,25.86667,15.647200000000002,149.099,PAN,D23,D,M,H,30.3,0.172,0.07600000000000001,1,9
D24_44,0,2,0,0,0,0,2,23,3,30.792,351.65,608.842,15.396,15.289129999999998,202.94733,PAN,D24,D,F,H,30.3,0.209,0.161,1,3
D24_46,0,14,0,0,0,0,0,41,5,344.478,298.839,877.614,24.60557,7.28876,175.5228,PAN,D24,D,F,H,30.3,0.233,0.215,1,5
D24_47,0,5,0,0,0,0,0,33,7,260.907,326.821,791.513,52.181400000000004,9.90367,113.07329,PAN,D24,D,F,H,30.3,0.221,0.19599999999999998,1,7
D24_48,0,4,0,1,0,0,1,21,4,451.776,157.782,882.619,112.944,7.5134300000000005,220.65475,PAN,D24,D,F,H,30.3,0.186,0.137,1,5
D31_53,0,5,0,2,0,0,4,7,6,559.688,49.96,881.373,111.9376,7.1371400000000005,146.8955,PAN,D31,D,M,L,20.6,0.182,0.064,1,8
D31_54,0,4,0,1,1,0,0,5,3,666.868,78.639,900.003,166.717,15.727799999999998,300.001,PAN,D31,D,M,L,20.6,0.175,0.14200000000000002,1,5
D32_56,0,1,0,0,0,0,2,25,2,6.011,298.922,874.351,6.011,11.95688,437.1755,PAN,D32,D,F,L,21.1,NA,0.496,1,2
D32_57,0,7,0,2,1,0,6,40,9,107.993,585.798,885.844,15.42757,14.644950000000001,98.42711,PAN,D32,D,F,L,21.1,0.23,0.07699999999999999,1,12
D32_58,0,4,0,3,0,1,1,20,17,168.509,453.198,751.486,42.12725,22.6599,44.205059999999996,PAN,D32,D,F,L,21.1,0.222,0.221,1,21
D32_60,0,4,0,5,0,1,7,16,10,302.326,146.024,792.03,75.5815,9.1265,79.203,PAN,D32,D,F,L,21.1,NA,NA,1,16
D33_62,0,3,0,0,0,0,3,10,6,502.78,190.087,750.484,167.59332999999998,19.0087,125.08067,PAN,D33,D,M,L,21.1,0.17,-0.17,1,6
D33_64,0,10,0,1,0,0,2,26,8,490.342,235.498,759.98,49.0342,9.05762,94.9975,PAN,D33,D,M,L,21.1,0.191,0.126,1,9
D33_65,0,8,0,1,0,0,0,14,5,732.149,124.042,855.839,91.51862,8.86014,171.1678,PAN,D33,D,M,L,21.1,NA,NA,1,6
D34_69,0,3,0,1,0,0,0,23,6,210.762,256.572,709.176,70.254,11.155299999999999,118.196,PAN,D34,D,F,L,21.3,0.251,0.16199999999999998,1,7
A11_5,0,3,0,0,0,0,1,5,2,596.413,48.061,19.415,198.80433,9.612200000000001,9.7075,PAN,A11,A,F,M,24.6,NA,0.432,1,2
C14_20,1,20,0,0,1,10,2,32,8,388.745,367.792,898.843,19.43725,11.4935,112.35538000000001,PAN,C14,C,M,L,20.9,0.167,0.169,1,20
A31_40,0,9,0,0,0,0,3,26,8,363.16,276.129,666.932,40.35111,10.62035,83.3665,PAN,A31,A,F,H,30.4,0.215,0.259,1,8
D22_36,0,9,0,5,0,4,2,21,10,195.632,383.882,814.053,21.73689,18.280099999999997,81.4053,PAN,D22,D,F,H,30.2,0.235,0.18,1,19
D32_55,0,4,0,2,0,0,2,19,8,103.272,269.414,473.753,25.818,14.179680000000001,59.219120000000004,PAN,D32,D,F,L,21.1,0.219,0.277,1,10
D32_59,0,4,0,4,0,0,6,28,17,82.543,517.891,873.111,20.63575,18.49611,51.35947,PAN,D32,D,F,L,21.1,0.212,0.19000000000000003,1,21
A31_39,0,11,0,1,0,0,0,42,1,272.215,296.09,261.243,24.74682,7.04976,261.243,PAN,A31,A,F,H,30.4,0.219,0.232,1,2
B12_6,0,6,0,0,0,0,1,20,2,306.435,230.698,667.659,51.0725,11.5349,333.8295,PAN,B12,B,F,H,30.2,0.205,0.23,1,2
D31_49,0,11,0,2,0,0,1,19,1,649.717,125.174,493.003,59.06518,6.5881099999999995,493.003,PAN,D31,D,M,L,20.6,0.158,0.12300000000000003,1,3
A21_26,0,2,0,0,0,0,2,22,3,32.064,323.854,879.346,16.032,14.72064,293.11533000000003,PAN,A21,A,F,L,20.9,0.218,0.30600000000000005,1,3
D22_35,0,10,0,0,0,0,1,40,2,193.389,306.278,448.692,19.338900000000002,7.65695,224.346,PAN,D22,D,F,H,30.2,0.261,0.20500000000000002,1,2
B11_1,0,0,0,0,0,0,0,13,0,0,88.826,0,0,6.83277,0,PAN,B11,B,M,H,30.2,0.153,0.218,0,0
D23_40,0,3,0,0,0,0,0,21,3,287.947,425.234,368.652,95.98233,20.24924,122.884,PAN,D23,D,M,H,30.3,0.168,0.11499999999999996,1,3
