"Fly_Number","DurNBodyShovePAL","DurNBodyShovePAN","DurNFeedPAL","DurNFeedPAN","DurNHeadbuttPAL","DurNHeadbuttPAN","DurNLegShovePAL","DurNLegShovePAN","DurNLungePAL","DurNLungePAN","DurNWingThreatPAL","DurNWingThreatPAN","DurNRetreatPAL","DurNRetreatPAN","DurNMovingPAL","DurNMovingPAN","DurNFencingPAL","DurNFencingPAN","DurTTFeedPAL","DurTTFeedPAN","DurTTMovingPAL","DurTTMovingPAN","DurTTFencingPAL","DurTTFencingPAN","DurXFeedPAL","DurXFeedPAN","DurXMovingPAL","DurXMovingPAN","DurXFencingPAL","DurXFencingPAN"
"B32_26",1,0,3,6,0,0,0,1,0,0,0,0,0,0,18,26,3,3,36.013,108.791,121.849,281.909,351.101,351.101,12.00433,18.13183,6.7693900000000005,10.842649999999999,117.03367,117.03367
"B32_29",0,0,1,2,0,0,0,0,0,0,0,0,0,0,14,21,1,1,35.534,132.947,113.672,144.43,314.684,314.684,35.534,66.4735,8.11943,6.87762,314.684,314.684
"B32_30",0,0,5,6,0,0,5,0,0,0,0,1,1,1,21,24,7,7,135.406,220.441,227.384,341.389,757.029,757.029,27.0812,36.74017,10.82781,14.224540000000001,108.147,108.147
"A14_19",0,0,1,9,1,0,0,0,0,0,0,0,0,1,23,24,2,2,11.505,155.158,255.874,272.202,558.421,558.425,11.505,17.23978,11.12496,11.34175,279.2105,279.2125
"D13_15",0,0,0,8,0,0,0,0,0,0,0,0,1,0,15,13,2,2,0,449.596,265.036,144.718,4.005,5.51,0,56.1995,17.66907,11.13215,2.0025,2.755
"C11_6",0,0,2,5,0,0,8,2,0,0,0,0,0,0,4,3,4,4,230.667,569.005,46.405,15.905,227.678,227.678,115.3335,113.801,11.60125,5.30167,56.9195,56.9195
"A32_45",0,0,0,0,0,0,0,0,0,0,0,0,0,0,11,5,0,0,0,0,110.204,43.394,0,0,0,0,10.01855,8.678799999999999,0,0
"C21_29",0,0,0,1,0,0,0,0,0,0,0,0,0,0,12,2,0,0,0,449.427,92.005,44.471,0,0,0,449.427,7.66708,22.2355,0,0
"C32_56",0,0,0,0,0,0,0,0,0,0,0,0,0,1,10,13,1,1,0,0,99.976,223.328,327.814,327.814,0,0,9.9976,17.179080000000003,327.814,327.814
"D13_17",0,0,0,0,0,0,4,0,0,0,0,0,0,0,22,19,5,5,0,0,403.895,701.756,607.834,607.834,0,0,18.35886,36.93453,121.5668,121.5668
"A11_2",0,0,0,5,0,0,1,1,0,0,0,0,0,0,23,26,0,0,0,90.358,218.841,307.312,0,0,0,18.0716,9.51483,11.819690000000001,0,0
"A11_3",0,0,0,5,0,0,1,0,0,0,0,0,0,0,21,27,1,1,0,193.485,286.348,211.834,790.023,790.023,0,38.697,13.635620000000001,7.8457,790.023,790.023
"A11_6",0,0,0,7,0,0,2,0,0,0,0,0,3,0,19,17,3,3,0,276.434,187.9,167.326,705.186,705.186,0,39.49057,9.88947,9.842709999999999,235.062,235.062
"A12_11",0,0,0,4,0,0,4,0,0,0,0,0,0,1,15,27,1,1,0,149.994,311.926,170.052,722.959,722.959,0,37.4985,20.79507,6.298220000000001,722.959,722.959
"A12_12",0,0,0,4,0,0,4,0,1,0,0,0,1,0,17,31,2,2,0,149.655,332.997,211.849,793.025,793.025,0,37.41375,19.588060000000002,6.83384,396.5125,396.5125
"A13_13",0,0,0,1,0,0,2,1,0,0,0,0,0,2,13,14,2,2,0,38.741,137.15,222.357,386.615,386.615,0,38.741,10.55,15.882639999999999,193.3075,193.3075
"A14_21",0,0,0,4,1,0,2,0,0,1,0,0,0,0,27,28,1,1,0,170.282,370.8,474.743,220.94,220.94,0,42.5705,13.73333,16.95511,220.94,220.94
"A14_22",0,0,0,5,0,0,0,0,0,0,0,0,0,0,17,19,1,1,0,264.02,172.553,105.812,520.245,520.245,0,52.804,10.15018,5.56905,520.245,520.245
"A14_23",0,0,0,1,0,0,0,0,0,0,0,0,0,0,11,10,0,0,0,51.428,125.812,204.56,0,0,0,51.428,11.43745,20.456,0,0
"A14_24",0,0,0,1,0,0,0,0,0,0,0,0,0,0,10,8,0,0,0,66.318,139.533,80.307,0,0,0,66.318,13.953299999999999,10.03838,0,0
"A22_31",0,0,0,5,0,0,0,0,0,0,0,0,0,0,9,7,0,0,0,775.81,133.912,136.955,0,0,0,155.162,14.87911,19.565,0,0
"A31_37",0,0,3,0,0,0,2,0,0,0,0,0,0,2,18,26,2,2,390.154,0,203.087,277.977,801.006,801.006,130.05133,0,11.28261,10.69142,400.503,400.503
"A32_43",0,0,0,6,0,0,0,1,0,0,0,0,1,0,22,18,2,2,0,523.98,289.469,158.645,317.551,317.801,0,87.33,13.157680000000001,8.81361,158.7755,158.9005
"A32_44",0,0,0,11,0,0,0,0,0,0,0,0,0,0,27,26,0,0,0,432.924,373.684,132.898,0,0,0,39.356730000000006,13.84015,5.11146,0,0
"A32_48",0,0,0,9,0,0,0,0,0,0,0,0,0,0,20,11,0,0,0,606.382,242.234,134.772,0,0,0,67.37577999999999,12.1117,12.252,0,0
"B12_10",0,0,0,1,0,0,7,0,0,0,0,0,1,2,7,23,4,4,0,0.995,110.7,366.975,845.319,845.319,0,0.995,15.814290000000002,15.95543,211.32975,211.32975
"B12_8",0,0,0,1,0,0,1,0,0,0,0,0,0,0,17,9,0,0,0,519.491,142.419,179.849,0,0,0,519.491,8.37759,19.983220000000003,0,0
"B21_11",0,0,2,2,0,0,2,2,1,0,0,0,0,2,15,10,4,4,8.795,199.932,216.909,508.626,620.355,619.855,4.3975,99.966,14.460600000000001,50.8626,155.08875,154.96375
"B31_22",0,0,0,9,0,0,2,0,0,0,0,1,0,2,5,10,2,2,0,673.325,168.528,137.438,481.464,482.213,0,74.81389,33.7056,13.743799999999998,240.732,241.1065
"C11_4",0,0,0,3,0,0,0,0,0,0,0,0,0,0,0,16,0,0,0,38.98,0,197.723,0,0,0,12.99333,0,12.35769,0,0
"C11_5",0,0,1,0,0,0,2,0,0,1,0,0,0,0,25,47,1,1,19.349,0,168.726,415.852,645.378,645.378,19.349,0,6.74904,8.84791,645.378,645.378
"C12_8",0,0,6,0,0,0,4,4,1,0,2,0,1,1,47,39,6,6,64.127,0,332.957,618.736,722.95,722.95,10.68783,0,7.0841899999999995,15.86503,120.49167,120.49167
"C12_9",0,0,0,9,0,0,1,1,0,1,0,0,0,3,19,26,3,3,0,277.054,158.71,165.839,832.058,832.058,0,30.78378,8.353159999999999,6.37842,277.35267,277.35267
"C13_15",0,0,1,0,0,0,4,0,0,0,1,0,0,5,0,26,7,7,900.002,0,0,283.126,875.856,875.856,900.002,0,0,10.88946,125.12228999999999,125.12228999999999
"C22_31",0,0,0,7,0,0,0,0,0,0,0,0,0,1,19,23,1,1,0,328.758,247.835,278.1,163.645,163.645,0,46.96543,13.04395,12.091299999999999,163.645,163.645
"C22_33",0,0,1,0,0,0,4,0,0,0,0,0,0,2,24,12,3,3,21.028,0,248.411,545.201,783.012,783.012,21.028,0,10.35046,45.43342,261.004,261.004
"C23_37",0,0,0,2,0,0,1,1,0,0,0,0,0,0,11,26,1,1,0,143.072,98.994,290.368,765.002,764.75,0,71.536,8.999450000000001,11.168,765.002,764.75
"C23_40",0,0,0,6,0,0,0,0,0,0,0,0,0,0,20,12,0,0,0,703.836,318.647,120.098,0,0,0,117.306,15.93235,10.00817,0,0
"C23_41",0,0,1,0,0,0,2,0,0,0,0,0,0,1,23,8,1,1,123.523,0,249.901,78.195,214.33,213.169,123.523,0,10.865260000000001,9.774379999999999,214.33,213.169
"C24_43",0,0,1,2,0,0,2,0,0,1,0,0,0,0,10,14,1,1,16.32,122.692,88.949,143.791,833.695,833.695,16.32,61.346,8.8949,10.270790000000002,833.695,833.695
"C24_45",0,0,0,2,0,0,1,1,0,0,0,0,0,2,5,12,2,2,0,490.495,36.376,229.483,503.573,503.573,0,245.2475,7.2752,19.12358,251.7865,251.7865
"C24_48",0,0,2,0,0,0,1,0,1,1,0,1,0,1,20,19,4,4,22.759,0,152.845,189.869,868.602,868.602,11.3795,0,7.64225,9.99311,217.1505,217.1505
"C31_49",0,0,0,6,0,0,0,0,0,0,0,0,0,0,21,10,0,0,0,537.331,304.527,190.314,0,0,0,89.55517,14.501290000000001,19.0314,0,0
"C31_53",0,0,0,9,0,0,1,0,0,0,0,0,1,1,12,23,4,4,0,332.691,165.808,190.236,834.301,833.316,0,36.965669999999996,13.81733,8.27113,208.57525,208.329
"C32_57",0,0,0,3,0,0,1,0,0,0,0,0,1,0,12,15,3,2,0,69.837,122.921,479.443,599.088,599.334,0,23.279,10.24342,31.96287,199.696,299.667
"C32_58",0,0,0,2,0,0,2,0,0,0,0,0,0,0,14,5,2,2,0,663.196,137.748,35.904,79.571,79.814,0,331.598,9.839139999999999,7.1808000000000005,39.7855,39.907
"C33_65",0,0,0,1,0,0,0,0,0,0,0,0,0,0,7,2,0,0,0,852.718,80.797,17.765,0,0,0,852.718,11.54243,8.8825,0,0
"C33_66",0,0,0,5,0,0,0,0,0,0,0,0,2,0,19,25,2,2,0,186.525,281.496,388.563,864.345,864.345,0,37.305,14.81558,15.54252,432.1725,432.1725
"C34_67",0,0,0,18,0,0,0,0,0,0,0,0,0,0,19,35,1,1,0,354.976,167.199,430.312,192.784,191.166,0,19.72089,8.79995,12.29463,192.784,191.166
"C34_68",0,0,4,0,0,0,0,1,0,0,0,0,0,0,30,4,2,2,63.344,0,320.719,10.255,207.68,207.68,15.836,0,10.690629999999999,2.56375,103.84,103.84
"C34_69",0,0,2,10,0,0,3,1,0,0,0,0,0,1,21,14,5,5,716.454,112.642,892.562,799.345,717.449,717.95,358.227,11.2642,42.50295,57.09607,143.4898,143.59
"C34_71",0,0,0,2,0,0,1,0,0,0,0,0,0,0,13,14,1,1,0,151.861,392.347,549.545,227.21,227.21,0,75.9305,30.18054,39.253209999999996,227.21,227.21
"D12_11",0,0,0,7,0,0,0,0,0,0,0,1,0,0,23,36,0,0,0,105.596,162.282,360.07,0,0,0,15.085139999999999,7.05574,10.001940000000001,0,0
"D12_12",0,0,0,3,0,0,0,0,0,0,0,0,0,0,8,5,0,0,0,812.187,70.815,52.074,0,0,0,270.729,8.85188,10.4148,0,0
"D12_9",0,0,8,0,0,0,3,0,0,0,0,0,0,2,24,26,2,2,398.979,0,174.233,734.629,473.207,473.207,49.87238,0,7.25971,28.25496,236.6035,236.6035
"D13_18",0,0,10,0,0,0,0,0,0,0,0,0,0,1,18,14,1,1,629.792,0,236.605,786.088,464.947,462.193,62.9792,0,13.14472,56.14914,464.947,462.193
"D14_19",0,0,17,0,0,0,2,0,0,0,0,0,0,0,30,8,1,1,381.885,0,245.674,48.568,517.989,517.483,22.46382,0,8.18913,6.071,517.989,517.483
"D14_21",0,0,0,9,0,0,0,0,0,0,0,0,0,0,24,17,0,0,0,602.489,311.131,271.411,0,0,0,66.94322,12.963790000000001,15.96535,0,0
"D14_23",0,0,0,4,0,0,0,1,0,0,0,0,0,0,18,4,0,0,0,867.309,271.256,34.194,0,0,0,216.82725,15.069780000000002,8.5485,0,0
"D21_27",0,0,4,0,0,0,0,0,1,0,0,0,0,0,6,22,4,4,840.319,0,38.795,311.042,861.338,861.338,210.07975,0,6.4658299999999995,14.13827,215.3345,215.3345
"D21_29",0,0,0,5,0,0,1,0,0,0,0,0,0,1,15,6,1,1,0,833.636,203.775,60.263,421.657,421.657,0,166.7272,13.585,10.04383,421.657,421.657
"D23_37",0,0,0,11,0,0,1,0,0,0,0,0,0,0,20,25,2,2,0,276.954,277.598,250.18,690.416,690.416,0,25.17764,13.8799,10.007200000000001,345.208,345.208
"D24_45",0,0,0,5,0,0,1,0,1,0,0,0,0,0,31,25,0,0,0,378.353,289.663,156.057,0,0,0,75.67060000000001,9.343969999999999,6.24228,0,0
"D31_50",0,0,0,6,0,0,1,0,0,0,0,0,0,0,5,19,1,1,0,156.662,64.494,212.895,82.353,81.603,0,26.11033,12.8988,11.205,82.353,81.603
"D31_51",0,0,0,2,0,0,0,0,0,0,0,0,0,0,5,2,0,0,0,842.909,215.313,33.941,0,0,0,421.4545,43.062599999999996,16.9705,0,0
"D33_63",0,0,0,1,0,0,0,0,0,0,0,0,0,0,1,1,0,0,0,884.598,13.717,15.404,0,0,0,884.598,13.717,15.404,0,0
"D34_67",0,0,3,0,0,0,5,2,0,0,0,0,0,1,19,14,6,6,68.169,0,310.813,323.518,900.002,900.002,22.723,0,16.35858,23.108430000000002,150.00033,150.00033
"D34_68",0,0,0,3,0,0,2,0,0,0,0,1,0,0,8,16,1,0,0,225.679,122.267,193.143,6.005,0,0,75.22633,15.28338,12.07144,6.005,0
"D34_70",0,0,2,0,0,0,2,0,0,0,0,1,0,1,16,42,14,14,284.413,0,272.742,600.359,897.343,897.343,142.2065,0,17.046380000000003,14.29426,64.09593,64.09593
"A11_4",0,0,3,1,0,0,6,0,0,0,0,0,0,3,19,28,4,4,18.729,22.04,133.007,244.309,457.944,457.442,6.243,22.04,7.00037,8.72532,114.486,114.3605
"A12_10",0,0,1,10,0,0,6,0,1,2,0,1,1,1,18,25,7,7,9.019,502.627,148.094,162.836,734.46,734.46,9.019,50.262699999999995,8.22744,6.513439999999999,104.92286,104.92286
"A12_7",0,0,1,11,0,0,1,0,0,0,0,2,1,0,22,54,1,1,2.469,286.507,300.868,364.846,357.931,357.931,2.469,26.04609,13.67582,6.75641,357.931,357.931
"A12_8",0,0,2,3,0,1,2,2,0,2,0,1,0,2,39,32,4,4,7.284,148.603,293.432,588.1,646.88,646.88,3.642,49.534330000000004,7.523899999999999,18.37812,161.72,161.72
"A12_9",0,0,2,8,0,0,6,1,0,1,0,0,2,1,26,38,5,5,6.76,364.956,286.452,213.519,706.879,706.879,3.38,45.6195,11.01738,5.61892,141.3758,141.3758
"A13_14",0,0,1,1,0,0,0,1,0,0,0,0,0,1,15,18,2,2,2.254,40.771,154.391,219.235,387.357,387.357,2.254,40.771,10.292729999999999,12.17972,193.6785,193.6785
"A13_16",0,0,4,3,0,0,1,1,0,0,0,0,0,0,9,24,3,3,731.362,81.569,98.393,185.152,895.876,895.876,182.8405,27.18967,10.932559999999999,7.71467,298.62533,298.62533
"A13_18",0,0,5,6,0,0,9,0,0,0,4,0,1,0,24,7,15,15,47.842,760.048,302.253,108.299,870.353,870.353,9.5684,126.67466999999999,12.593879999999999,15.471290000000002,58.02353,58.02353
"A21_28",0,0,1,3,0,0,2,0,0,0,0,0,1,1,8,14,4,4,202.936,495.242,70.374,244.388,415.879,415.879,202.936,165.08067000000003,8.79675,17.45629,103.96975,103.96975
"A21_29",0,0,3,4,0,0,6,0,0,0,0,0,0,1,1,38,3,3,879.51,177.012,8.505,385.231,725.934,725.934,293.17,44.253,8.505,10.13766,241.978,241.978
"A22_33",0,0,4,13,0,1,6,1,0,0,0,0,0,1,3,18,10,11,815.375,605.532,46.622,155.063,753.473,753.473,203.84375,46.57938,15.54067,8.61461,75.3473,68.49755
"A22_34",0,0,7,5,0,0,4,1,0,0,0,0,1,0,24,24,5,5,173.15,166.958,201.727,200.349,725.708,725.708,24.735709999999997,33.3916,8.40529,8.34788,145.1416,145.1416
"A22_35",0,0,2,8,0,0,3,0,0,0,0,0,0,1,18,27,3,3,87.925,183.286,191.716,363.441,796.028,796.028,43.9625,22.91075,10.650889999999999,13.460780000000002,265.34267,265.34267
"A22_36",0,0,14,20,0,0,19,3,0,0,1,0,0,3,29,40,22,22,378.215,446.019,210.905,364.752,865.094,865.555,27.01536,22.30095,7.27259,9.118799999999998,39.322449999999996,39.343410000000006
"A31_42",0,0,3,6,0,0,7,0,1,0,0,0,0,1,21,37,4,4,96.091,222.855,139.075,237.301,488.97,488.97,32.03033,37.1425,6.6226199999999995,6.41354,122.2425,122.2425
"A32_47",0,0,15,4,0,0,25,7,0,4,0,0,0,11,24,40,20,20,687.003,23.277,138.585,642.163,891.129,891.129,45.8002,5.81925,5.77438,16.05408,44.55645,44.55645
"B11_3",0,0,1,5,0,0,2,2,1,2,0,1,2,0,23,14,5,5,14.022,384.241,127.673,89.441,829.565,829.565,14.022,76.84819999999999,5.551,6.3886400000000005,165.913,165.913
"B11_4",0,0,3,2,0,0,0,0,0,0,0,0,0,0,23,14,1,1,174.412,16.206,206.322,81.261,682.413,682.909,58.13733,8.103,8.97052,5.80436,682.413,682.909
"B12_7",0,0,2,11,0,0,3,0,1,0,0,0,2,1,25,28,5,5,28.029,422.707,135.445,272.53,850.333,850.333,14.0145,38.427910000000004,5.417800000000001,9.73321,170.0666,170.0666
"B21_14",0,0,4,15,0,0,6,0,2,0,0,0,0,3,25,31,4,4,15.36,326.342,123.23,323.467,828.036,828.036,3.84,21.756130000000002,4.9292,10.43442,207.009,207.009
"B22_19",0,0,5,4,0,0,6,2,0,0,0,0,1,2,10,18,10,10,402.43,227.387,155.795,168.105,597.85,597.85,80.486,56.84675,15.5795,9.33917,59.785,59.785
"B22_20",0,0,2,1,0,0,1,2,0,0,0,0,0,0,36,20,0,0,5.805,45.256,278.822,368.143,0,0,2.9025,45.256,7.7450600000000005,18.40715,0,0
"C11_2",0,0,4,0,0,0,3,3,0,0,0,0,0,1,10,29,10,10,408.165,0,107.125,378.666,880.61,880.61,102.04125,0,10.7125,13.057450000000001,88.061,88.061
"C11_3",1,0,2,4,0,0,6,1,0,0,1,0,1,0,10,9,7,7,376.845,167.625,105.908,86.433,357.843,357.843,188.4225,41.90625,10.5908,9.60367,51.12043,51.12043
"C12_10",0,0,11,12,0,0,4,5,0,0,1,1,1,8,24,48,15,16,590.551,166.327,140.883,522.453,900.003,900.003,53.686449999999994,13.86058,5.87012,10.88444,60.0002,56.25019
"C12_11",0,0,8,4,0,0,1,1,1,2,1,1,0,2,14,19,6,6,645.332,41.493,95.784,143.603,898.347,898.347,80.6665,10.37325,6.84171,7.558050000000001,149.7245,149.7245
"C12_7",0,0,4,9,0,0,1,0,0,0,0,0,0,1,27,35,2,2,19.099,167.196,275.224,293.887,727.206,727.71,4.77475,18.577330000000003,10.19348,8.39677,363.603,363.855
"C13_14",0,0,9,6,0,0,5,0,0,0,0,0,1,3,20,25,6,6,185.007,184.947,246.86,255.277,810.293,810.293,20.556330000000003,30.8245,12.343,10.211079999999999,135.04882999999998,135.04882999999998
"C13_16",0,0,6,6,0,0,14,4,0,0,2,0,0,2,20,18,12,12,261.272,433.145,310.553,255.503,532.499,532.499,43.54533,72.19083,15.52765,14.19461,44.374919999999996,44.374919999999996
"C13_17",0,0,3,14,0,1,5,2,0,0,0,0,2,2,11,26,11,11,122.229,526.914,271.52,262.976,849.102,848.684,40.743,37.63671,24.68364,10.11446,77.19109,77.15308999999999
"C13_18",0,0,4,2,0,0,0,0,0,0,0,1,0,0,21,29,0,0,35.314,132.156,405.479,280.904,0,0,8.8285,66.078,19.30852,9.68634,0,0
"C14_19",0,0,2,4,0,0,2,0,0,1,1,3,0,2,19,21,5,6,16.494,200.939,301.823,368.965,779.263,779.263,8.247,50.23475,15.88542,17.56976,155.8526,129.87717
"C14_22",0,0,3,4,0,0,7,1,1,0,1,2,0,4,19,17,9,9,26.278,290.734,181.659,153.523,832.564,832.564,8.75933,72.6835,9.561,9.03076,92.50711,92.50711
"C14_24",0,0,8,3,0,0,5,2,2,0,0,0,0,4,20,24,4,4,403.616,92.66,268.303,372.597,600.351,600.351,50.452,30.88667,13.415149999999999,15.52488,150.08775,150.08775
"C21_25",0,0,3,2,0,0,0,0,0,0,0,0,0,0,12,28,1,1,449.788,94.756,97.432,372.26,454.422,454.422,149.92933,47.378,8.11933,13.295,454.422,454.422
"C21_26",0,0,1,1,0,0,1,0,0,0,0,0,0,0,0,7,0,0,900.003,718.456,0,102.059,0,0,900.003,718.456,0,14.57986,0,0
"C21_30",0,1,2,12,0,0,5,0,0,1,0,0,0,1,7,19,8,8,260.188,448.8,49.174,218.246,660.848,660.848,130.094,37.4,7.024859999999999,11.48663,82.606,82.606
"C22_36",0,0,1,4,0,0,0,0,0,1,0,1,0,0,23,33,0,0,23.521,47.11,173.136,423.926,0,0,23.521,11.7775,7.5276499999999995,12.84624,0,0
"C23_38",0,0,4,3,0,0,1,0,1,0,0,0,0,1,27,38,3,3,183.152,66.059,218.85,326.869,809.029,809.029,45.788,22.019669999999998,8.10556,8.60182,269.67633,269.67633
"C23_42",0,0,1,3,0,0,1,0,0,0,0,0,0,0,6,4,0,0,224.724,884.119,38.979,19.761,0,0,224.724,294.70633000000004,6.4965,4.94025,0,0
"C24_44",0,0,3,3,0,0,2,0,0,0,0,1,0,0,24,13,3,3,11.815,133.99,134.347,224.19,774.984,774.984,3.93833,44.66333,5.59779,17.24538,258.328,258.328
"C24_46",0,0,1,3,0,0,0,0,0,0,0,0,0,0,13,24,4,3,5.715,129.862,518.35,359.854,405.657,752.983,5.715,43.287330000000004,39.87308,14.99392,101.41425,250.99433
"C31_50",0,0,2,8,0,0,7,0,0,0,0,0,0,3,24,25,10,9,165.538,434.024,226.246,324.837,895.129,881.615,82.769,54.253,9.42692,12.99348,89.51289999999999,97.95722
"C31_52",0,0,2,5,0,0,7,1,0,0,0,0,1,1,14,11,6,6,37.553,633.965,116.621,99.11,583.816,583.568,18.7765,126.793,8.33007,9.01,97.30266999999999,97.26133
"C32_55",0,0,7,5,0,0,1,0,0,0,0,0,1,1,19,18,7,7,65.646,184.408,222.759,521.957,872.106,871.86,9.378,36.8816,11.72416,28.99761,124.58657000000001,124.55143
"C32_60",0,0,3,3,0,0,4,1,0,0,0,0,0,0,12,12,4,4,424.286,172.894,180.974,121.963,879.867,879.867,141.42867,57.63133,15.08117,10.16358,219.96675,219.96675
"C33_63",0,0,2,12,0,0,5,2,0,0,0,0,0,2,10,21,10,10,201.671,674.732,116.636,169.458,887.623,888.121,100.8355,56.227669999999996,11.6636,8.06943,88.7623,88.8121
"C34_70",0,0,1,11,0,0,2,0,0,1,0,0,0,0,14,15,0,0,5.74,668.692,264.888,136.294,0,0,5.74,60.79018,18.92057,9.08627,0,0
"D12_10",1,0,7,6,0,0,20,7,0,0,0,0,0,1,16,12,11,11,221.119,220.577,209.49,348.622,854.091,854.091,31.58843,36.76283,13.09312,29.051830000000002,77.64464,77.64464
"D12_7",1,0,7,12,1,0,7,1,0,0,0,0,0,3,7,14,9,9,556.905,432.65,81.849,471.714,857.844,857.846,79.55786,36.05417,11.69271,33.69386,95.316,95.31622
"D12_8",1,0,8,4,0,0,16,6,0,0,1,0,2,0,33,17,14,14,92.819,432.721,370.664,102.737,601.081,601.332,11.602379999999998,108.18025,11.23224,6.04335,42.93436,42.95229
"D13_14",0,0,16,3,0,1,13,3,2,2,2,1,0,1,31,35,17,17,464.81,79.737,268.317,422.82,892.875,892.875,29.05062,26.579,8.655389999999999,12.08057,52.522059999999996,52.522059999999996
"D13_16",0,0,2,3,0,0,21,10,2,0,11,0,0,1,16,28,15,15,185.035,98.24,323.938,443.987,863.842,863.842,92.5175,32.74667,20.246119999999998,15.85668,57.58947,57.58947
"D14_20",0,0,0,7,0,0,0,0,0,0,0,0,0,0,22,20,0,0,0,703.75,128.502,104.91,0,0,0,100.53571000000001,5.841,5.2455,0,0
"D14_24",0,0,14,1,0,0,10,1,0,1,0,0,1,4,16,29,18,18,561.13,34.275,263.881,540.78,833.317,834.069,40.080709999999996,34.275,16.49256,18.64759,46.29539,46.33717
"D21_26",0,0,4,1,0,0,0,0,0,0,1,0,0,0,49,3,0,0,97.294,109.826,319.931,74.567,0,0,24.3235,109.826,6.5291999999999994,24.85567,0,0
"D21_30",0,0,1,4,0,0,4,1,0,0,0,0,0,0,22,16,6,6,65.761,481.159,278.99,167.645,851.833,851.833,65.761,120.28975,12.68136,10.47781,141.97217,141.97217
"D22_32",0,0,6,3,0,0,6,1,0,0,0,0,0,0,9,31,2,2,709.798,213.83,57.909,496.007,459.436,459.436,118.29966999999999,71.27667,6.43433,16.00023,229.718,229.718
"D22_34",0,0,2,7,0,0,1,0,0,0,0,0,0,0,25,17,0,0,54.748,325.814,337.525,396.331,0,0,27.374,46.54486,13.501,23.31359,0,0
"D23_39",0,0,1,6,0,0,7,0,0,0,0,0,0,0,19,11,8,8,33.776,645.559,214.093,117.524,870.343,870.343,33.776,107.59317,11.268049999999999,10.684,108.79288000000001,108.79288000000001
"D23_42",3,0,5,9,0,0,12,3,0,0,0,0,1,0,12,10,6,6,253.813,232.8,301.398,156.472,894.594,894.594,50.7626,25.86667,25.1165,15.647200000000002,149.099,149.099
"D24_44",0,0,5,2,0,0,4,0,0,0,0,0,0,2,26,23,2,3,87.243,30.792,354.28,351.65,609.586,608.842,17.4486,15.396,13.626149999999999,15.289129999999998,304.793,202.94733
"D24_46",0,0,2,14,0,0,1,0,0,0,0,0,3,0,27,41,5,5,3.848,344.478,548.377,298.839,877.614,877.614,1.924,24.60557,20.31026,7.28876,175.5228,175.5228
"D24_47",0,0,3,5,0,0,3,0,0,0,0,0,0,0,44,33,7,7,52.81,260.907,400.53,326.821,791.513,791.513,17.603330000000003,52.181400000000004,9.10295,9.90367,113.07329,113.07329
"D24_48",0,0,1,4,0,0,4,1,0,0,0,0,0,1,13,21,4,4,1.516,451.776,99.893,157.782,882.619,882.619,1.516,112.944,7.68408,7.5134300000000005,220.65475,220.65475
"D31_53",0,0,4,5,0,0,3,2,0,0,0,0,0,4,6,7,6,6,423.798,559.688,47.432,49.96,881.373,881.373,105.9495,111.9376,7.90533,7.1371400000000005,146.8955,146.8955
"D31_54",0,0,2,4,0,0,14,1,0,1,0,0,0,0,1,5,3,3,895.631,666.868,4.364,78.639,900.003,900.003,447.8155,166.717,4.364,15.727799999999998,300.001,300.001
"D32_56",0,0,4,1,0,0,0,0,1,0,0,0,0,2,9,25,2,2,479.494,6.011,185.764,298.922,874.351,874.351,119.8735,6.011,20.640439999999998,11.95688,437.1755,437.1755
"D32_57",0,0,2,7,0,0,5,2,1,1,1,0,0,6,25,40,9,9,14.278,107.993,463.746,585.798,885.844,885.844,7.139,15.42757,18.54984,14.644950000000001,98.42711,98.42711
"D32_58",0,0,2,4,0,0,19,3,0,0,0,1,1,1,5,20,17,17,717.651,168.509,149.652,453.198,751.486,751.486,358.8255,42.12725,29.930400000000002,22.6599,44.205059999999996,44.205059999999996
"D32_60",0,0,5,4,0,0,10,5,0,0,0,1,0,7,6,16,10,10,640.012,302.326,90.915,146.024,792.03,792.03,128.0024,75.5815,15.1525,9.1265,79.203,79.203
"D33_62",0,0,3,3,0,0,3,0,0,0,0,0,0,3,2,10,6,6,866.299,502.78,17.918,190.087,750.986,750.484,288.76633000000004,167.59332999999998,8.959,19.0087,125.16433,125.08067
"D33_64",0,0,4,10,0,0,2,1,0,0,0,0,0,2,7,26,8,8,491.447,490.342,66.538,235.498,759.98,759.98,122.86175,49.0342,9.50543,9.05762,94.9975,94.9975
"D33_65",0,0,1,8,0,0,7,1,0,0,0,0,1,0,20,14,5,5,164.826,732.149,121.984,124.042,855.839,855.839,164.826,91.51862,6.0992,8.86014,171.1678,171.1678
"D34_69",0,0,2,3,0,0,3,1,1,0,0,0,0,0,13,23,7,6,84.058,210.762,124.012,256.572,709.176,709.176,42.029,70.254,9.53938,11.155299999999999,101.31086,118.196
"A11_5",0,0,1,3,0,0,2,0,0,0,0,0,0,1,12,5,2,2,9.054,596.413,88.991,48.061,19.415,19.415,9.054,198.80433,7.41592,9.612200000000001,9.7075,9.7075
"C14_20",0,1,2,20,0,0,7,0,0,1,0,10,0,2,33,32,8,8,35.533,388.745,369.524,367.792,898.843,898.843,17.7665,19.43725,11.197700000000001,11.4935,112.35538000000001,112.35538000000001
"A31_40",0,0,5,9,0,0,11,0,0,0,0,0,0,3,5,26,8,8,830.944,363.16,32.229,276.129,667.438,666.932,166.1888,40.35111,6.4458,10.62035,83.42975,83.3665
"D22_36",0,0,10,9,0,0,11,5,0,0,0,4,1,2,13,21,10,10,715.528,195.632,183.979,383.882,814.053,814.053,71.5528,21.73689,14.15223,18.280099999999997,81.4053,81.4053
"D32_55",1,0,6,4,0,0,11,2,0,0,6,0,0,2,6,19,8,8,798.034,103.272,111.835,269.414,473.753,473.753,133.00567,25.818,18.63917,14.179680000000001,59.219120000000004,59.219120000000004
"D32_59",1,0,4,4,0,0,14,4,0,0,0,0,0,6,4,28,17,17,828.492,82.543,26.894,517.891,873.111,873.111,207.123,20.63575,6.7235,18.49611,51.35947,51.35947
"A31_39",0,0,0,11,0,0,3,1,0,0,0,0,0,0,20,42,1,1,0,272.215,148.232,296.09,260.752,261.243,0,24.74682,7.4116,7.04976,260.752,261.243
"B12_6",0,0,7,6,0,0,3,0,0,0,0,0,0,1,22,20,2,2,148.391,306.435,363.079,230.698,667.659,667.659,21.19871,51.0725,16.50359,11.5349,333.8295,333.8295
"D31_49",0,0,0,11,0,0,0,2,0,0,0,0,0,1,17,19,1,1,0,649.717,215.094,125.174,493.003,493.003,0,59.06518,12.65259,6.5881099999999995,493.003,493.003
"A21_26",0,0,3,2,0,0,4,0,2,0,0,0,0,2,11,22,3,3,300.403,32.064,110.043,323.854,878.351,879.346,100.13433,16.032,10.00391,14.72064,292.78367,293.11533000000003
"D22_35",0,0,2,10,0,0,1,0,0,0,0,0,0,1,23,40,2,2,493.979,193.389,250.884,306.278,448.692,448.692,246.9895,19.338900000000002,10.908,7.65695,224.346,224.346
"B11_1",0,0,5,0,0,0,0,0,0,0,0,0,0,0,6,13,0,0,636.477,0,49.108,88.826,0,0,127.2954,0,8.18467,6.83277,0,0
"D23_40",0,0,0,3,0,0,1,0,0,0,0,0,0,0,9,21,3,3,0,287.947,105.627,425.234,369.4,368.652,0,95.98233,11.73633,20.24924,123.13333,122.884
